{
  "project_info": {
    "project_number": "656639145808",
    "project_id": "noam-8ca88",
    "storage_bucket": "noam-8ca88.appspot.com"
  },
  "client": [
    {
      "client_info": {
        "mobilesdk_app_id": "1:656639145808:android:56fd45461e6b5fff085e55",
        "android_client_info": {
          "package_name": "com.example.hgym"
        }
      },
      "oauth_client": [
        {
          "client_id": "656639145808-gtlk3gf3jskh24c3d3tcjc12kehejmoc.apps.googleusercontent.com",
          "client_type": 3
        }
      ],
      "api_key": [
        {
          "current_key": "AIzaSyAAbFB2Bu8djJQsSsvDQo52C3KvdTgzfbs"
        }
      ],
      "services": {
        "appinvite_service": {
          "other_platform_oauth_client": [
            {
              "client_id": "656639145808-gtlk3gf3jskh24c3d3tcjc12kehejmoc.apps.googleusercontent.com",
              "client_type": 3
            }
          ]
        }
      }
    },
    {
      "client_info": {
        "mobilesdk_app_id": "1:656639145808:android:9fd1f9638699cf28085e55",
        "android_client_info": {
          "package_name": "com.example.myapplication"
        }
      },
      "oauth_client": [
        {
          "client_id": "656639145808-gtlk3gf3jskh24c3d3tcjc12kehejmoc.apps.googleusercontent.com",
          "client_type": 3
        }
      ],
      "api_key": [
        {
          "current_key": "AIzaSyAAbFB2Bu8djJQsSsvDQo52C3KvdTgzfbs"
        }
      ],
      "services": {
        "appinvite_service": {
          "other_platform_oauth_client": [
            {
              "client_id": "656639145808-gtlk3gf3jskh24c3d3tcjc12kehejmoc.apps.googleusercontent.com",
              "client_type": 3
            }
          ]
        }
      }
    }
  ],
  "configuration_version": "1"
}